# This amplitude was taken from COMPASS, PRL 127, 082501 (2021)
# https://journals.aps.org/prl/abstract/10.1103/PhysRevLett.127.082501
1.000000000000000000,-0.021060963697365414,-0.012901053568214022
1.004999999999999893,-0.021247372837788766,-0.012953392220206597
1.010000000000000009,-0.021438088120831866,-0.013006560083706216
1.014999999999999902,-0.021633249566888012,-0.013060610013028998
1.020000000000000018,-0.021833004868384107,-0.013115598037729690
1.024999999999999911,-0.022037509604516555,-0.013171583512423465
1.030000000000000027,-0.022246928223650445,-0.013228629574226370
1.034999999999999920,-0.022461434715470886,-0.013286803617405826
1.040000000000000036,-0.022681213450493860,-0.013346177725275363
1.044999999999999929,-0.022906460025568929,-0.013406829431879078
1.050000000000000044,-0.023137382539771430,-0.013468842388848459
1.054999999999999938,-0.023374202716921005,-0.013532307367639827
1.060000000000000053,-0.023617157468265416,-0.013597323315590566
1.064999999999999947,-0.023866500602732793,-0.013663998825122732
1.070000000000000062,-0.024122504690430074,-0.013732454078244586
1.074999999999999956,-0.024385463770843972,-0.013802823223778982
1.080000000000000071,-0.024655696168576258,-0.013875257451013435
1.084999999999999964,-0.024933548162550938,-0.013949929819637118
1.090000000000000080,-0.025219398339977835,-0.014027041525725207
1.094999999999999973,-0.025513663427989854,-0.014106831440451740
1.100000000000000089,-0.025816804430761172,-0.014189590988754750
1.104999999999999982,-0.026129335578853399,-0.014275688844727926
1.110000000000000098,-0.026451830573652493,-0.014365614212645908
1.114999999999999991,-0.026784919237108452,-0.014460059763017452
1.120000000000000107,-0.027129226766623684,-0.014560093672115101
1.125000000000000000,-0.027485004146750137,-0.014667479464680938
1.129999999999999893,-0.027850756599582405,-0.014784253214794223
1.135000000000000009,-0.028224022075949425,-0.014909822415798092
1.139999999999999902,-0.028604633949739850,-0.015042553902229028
1.145000000000000018,-0.028993297665153690,-0.015181776417416826
1.149999999999999911,-0.029390736465545440,-0.015327331686017470
1.155000000000000027,-0.029797623084739301,-0.015479289847234564
1.159999999999999920,-0.030214596636819767,-0.015637845396332343
1.165000000000000036,-0.030642282252178646,-0.015803274731848640
1.169999999999999929,-0.031081305413664342,-0.015975917196645456
1.175000000000000044,-0.031532302362144875,-0.016156167002294133
1.179999999999999938,-0.031995928273569008,-0.016344469849473606
1.185000000000000053,-0.032472864142784184,-0.016541323387045642
1.189999999999999947,-0.032963822280507676,-0.016747279140990900
1.195000000000000062,-0.033469551925860229,-0.016962946200229322
1.199999999999999956,-0.033990844370419708,-0.017188996025626135
1.205000000000000071,-0.034528538063975218,-0.017426168600933704
1.209999999999999964,-0.035083524148500744,-0.017675279924237352
1.215000000000000080,-0.035656751944036814,-0.017937230417478314
1.219999999999999973,-0.036249234947355054,-0.018213015586371620
1.225000000000000089,-0.036862056895779940,-0.018503737586789186
1.229999999999999982,-0.037496379033300761,-0.018810619279646123
1.235000000000000098,-0.038153447136240262,-0.019135020764126518
1.239999999999999991,-0.038834599619266233,-0.019478458240012889
1.245000000000000107,-0.039541276210100576,-0.019842626770825222
1.250000000000000000,-0.040275026860901911,-0.020229426944443081
1.254999999999999893,-0.041037521812364280,-0.020640996012185633
1.260000000000000009,-0.041830561789557269,-0.021079745619579968
1.264999999999999902,-0.042656088938633513,-0.021548406373743015
1.270000000000000018,-0.043516197567926990,-0.022050081620789103
1.274999999999999911,-0.044413144513434116,-0.022588312059212835
1.280000000000000027,-0.045349359255788951,-0.023167154367123619
1.284999999999999920,-0.046327450485276443,-0.023791276676566164
1.290000000000000036,-0.047350209920400121,-0.024466076081075996
1.294999999999999929,-0.048420608818457340,-0.025197822392728678
1.300000000000000044,-0.049541784260401463,-0.025993837520477653
1.304999999999999938,-0.050717007466165857,-0.026862717495568702
1.310000000000000053,-0.051949625973296096,-0.027814611330124195
1.314999999999999947,-0.053242962507574106,-0.028861570399947963
1.320000000000000062,-0.054600148956006095,-0.030017988158075659
1.324999999999999956,-0.056023856454001139,-0.031301154597092214
1.330000000000000071,-0.057515864469914468,-0.032731951029397480
1.334999999999999964,-0.059076377210234142,-0.034335712661312114
1.340000000000000080,-0.060702943152920547,-0.036143276437107075
1.344999999999999973,-0.062388752941877394,-0.038192195892477430
1.350000000000000089,-0.064119974587646039,-0.040528020453335180
1.354999999999999982,-0.065871629981550453,-0.043205333514723575
1.360000000000000098,-0.067601376615735578,-0.046287823224239986
1.364999999999999991,-0.069240599879222958,-0.049845856261806432
1.370000000000000107,-0.070682946411017480,-0.053948720813135467
1.375000000000000000,-0.071772819146965761,-0.058647299376188088
1.379999999999999893,-0.072301491279064184,-0.063943425961324060
1.385000000000000009,-0.072024804036595086,-0.069749083097842071
1.389999999999999902,-0.070714760850160652,-0.075854551918896035
1.395000000000000018,-0.068235385319516603,-0.081937200483999467
1.399999999999999911,-0.064602267251865464,-0.087625208968309470
1.405000000000000027,-0.059986518219754648,-0.092587181090868609
1.409999999999999920,-0.054665143980702130,-0.096599641451039511
1.415000000000000036,-0.048951839616062684,-0.099569395265195954
1.419999999999999929,-0.043138379165924029,-0.101518543823052615
1.425000000000000044,-0.037458824195239514,-0.102550395567351876
1.429999999999999938,-0.032076397358551327,-0.102811577916876673
1.435000000000000053,-0.027087403727226528,-0.102460072140375627
1.439999999999999947,-0.022534794482727782,-0.101643738339535175
1.445000000000000062,-0.018424391642434874,-0.100489617645001833
1.449999999999999956,-0.014738941528738463,-0.099101224384578163
1.455000000000000071,-0.011448207464193132,-0.097560033693204762
1.459999999999999964,-0.008515635500249455,-0.095928350817533189
1.465000000000000080,-0.005902815585939959,-0.094252396372157154
1.469999999999999973,-0.003572461800238427,-0.092565422978824294
1.475000000000000089,-0.001490138400979040,-0.090890709392092914
1.479999999999999982,0.000375020199030903,-0.089244141349894376
1.485000000000000098,0.002050207717485993,-0.087636217998547414
1.489999999999999991,0.003559138088127466,-0.086073545474796537
1.495000000000000107,0.004922358060710434,-0.084559941377973569
1.500000000000000000,0.006157604827591075,-0.083097250255192018
1.504999999999999893,0.007280165627019609,-0.081685942526938712
1.510000000000000009,0.008303218366360481,-0.080325546887357963
1.514999999999999902,0.009238134519525640,-0.079014960184305483
1.520000000000000018,0.010094745610545013,-0.077752669690814735
1.524999999999999911,0.010881571291288816,-0.076536910219562326
1.530000000000000027,0.011606014532256860,-0.075365774777624961
1.534999999999999920,0.012274526013279885,-0.074237293045499808
1.540000000000000036,0.012892743232620584,-0.073149485607097137
1.544999999999999929,0.013465608604683899,-0.072100403057736059
1.550000000000000044,0.013997466599760387,-0.071088150824349661
1.554999999999999938,0.014492142466992550,-0.070110904055182846
1.560000000000000053,0.014953014153421477,-0.069166911042677151
1.564999999999999947,0.015383081974626626,-0.068254492587451782
1.570000000000000062,0.015785032365182878,-0.067372061180250076
1.574999999999999956,0.016161257295998311,-0.066518143887100201
1.580000000000000071,0.016513851614063636,-0.065691345161548245
1.584999999999999964,0.016844705671439381,-0.064890286719630541
1.590000000000000080,0.017155597450118451,-0.064113708826969582
1.594999999999999973,0.017448044225373879,-0.063360512629718146
1.600000000000000089,0.017723363255360530,-0.062629508031732159
1.604999999999999982,0.017982948309949880,-0.061919634148516679
1.610000000000000098,0.018227841385370258,-0.061230041118918929
1.614999999999999991,0.018459071611883187,-0.060559602325397047
1.620000000000000107,0.018677716822065562,-0.059907646414930821
1.625000000000000000,0.018884397612596745,-0.059273206957902572
1.629999999999999893,0.019080216465759837,-0.058655589543877049
1.635000000000000009,0.019265522077298522,-0.058054044271726245
1.639999999999999902,0.019441393274867613,-0.057467885375806896
1.645000000000000018,0.019607970064674768,-0.056896435665639587
1.649999999999999911,0.019766309864441164,-0.056339209744410153
1.655000000000000027,0.019916446173881976,-0.055795337709228815
1.659999999999999920,0.020059197952486365,-0.055264770842803436
1.665000000000000036,0.020194957112257293,-0.054746353981166736
1.669999999999999929,0.020323760713445809,-0.054240156554413901
1.675000000000000044,0.020446658824630870,-0.053745571028551826
1.679999999999999938,0.020563451529624577,-0.053261713741020282
1.685000000000000053,0.020674380411732893,-0.052788883281050511
1.689999999999999947,0.020780423127420223,-0.052326437675060886
1.695000000000000062,0.020881405322540233,-0.051873467338757834
1.699999999999999956,0.020977190470062877,-0.051430156029163322
1.705000000000000071,0.021068573405108714,-0.050996485569140784
1.709999999999999964,0.021156083628444754,-0.050571607570956210
1.715000000000000080,0.021239464667065135,-0.050154899414839943
1.719999999999999973,0.021318569906162505,-0.049746430654198447
1.725000000000000089,0.021393787317180068,-0.049346298518060293
1.729999999999999982,0.021465664383311586,-0.048954222441605397
1.735000000000000098,0.021534506193021965,-0.048569648455839526
1.739999999999999991,0.021600310351888464,-0.048192123194582243
1.745000000000000107,0.021663042744261941,-0.047821406534332610
1.750000000000000000,0.021722721059265301,-0.047457357290079154
1.754999999999999893,0.021779456181939331,-0.047099899975574920
1.760000000000000009,0.021833450560509435,-0.046748891580641688
1.764999999999999902,0.021884857971325888,-0.046404133455398927
1.770000000000000018,0.021933832178241193,-0.046065459804056880
1.774999999999999911,0.021980540656550019,-0.045732659346492115
1.780000000000000027,0.022025075547480941,-0.045405527060051992
1.784999999999999920,0.022067536078568005,-0.045083947219271642
1.790000000000000036,0.022108058690527833,-0.044767796488487256
1.794999999999999929,0.022146688932454868,-0.044456950114628101
1.800000000000000044,0.022183387502201449,-0.044151368119486875
1.804999999999999938,0.022218097012317115,-0.043850976160687297
1.810000000000000053,0.022250687231718989,-0.043555489987640118
1.814999999999999947,0.022281038657585021,-0.043264409966371868
1.820000000000000062,0.022309393836909247,-0.042977155221600595
1.824999999999999956,0.022336585321525253,-0.042693374537553508
1.830000000000000071,0.022363607360521023,-0.042413480030941079
1.834999999999999964,0.022390546779173549,-0.042138779067542591
1.840000000000000080,0.022415773519684525,-0.041870281824550139
1.844999999999999973,0.022437099287099263,-0.041606610802656832
1.850000000000000089,0.022455191810756687,-0.041344283321376865
1.854999999999999982,0.022474410741515679,-0.041082657742276825
1.860000000000000098,0.022496510494766878,-0.040826655799434279
1.864999999999999991,0.022515655919650667,-0.040579286105816820
1.870000000000000107,0.022527661622461979,-0.040333534765329720
1.875000000000000000,0.022541237379439125,-0.040084558588597712
1.879999999999999893,0.022560965411333671,-0.039842934237770425
1.885000000000000009,0.022573592788467826,-0.039611673899807485
1.889999999999999902,0.022579670214632745,-0.039374500460581323
1.895000000000000018,0.022596473773042372,-0.039138342881075955
1.899999999999999911,0.022608815451717525,-0.038918024968271153
1.905000000000000027,0.022609925534108930,-0.038689998989625170
1.909999999999999920,0.022626269259917165,-0.038462425241012448
1.915000000000000036,0.022632812386393308,-0.038253336565018801
1.919999999999999929,0.022633091587427261,-0.038028062439602210
1.925000000000000044,0.022650860545407599,-0.037816835343229063
1.929999999999999938,0.022644613253327679,-0.037610820283489430
1.935000000000000053,0.022657199112521231,-0.037391342824207731
1.939999999999999947,0.022659336524317574,-0.037199895597209896
1.945000000000000062,0.022658742430690743,-0.036981664094917342
1.949999999999999956,0.022670806715246319,-0.036794296718594466
1.955000000000000071,0.022659785832147401,-0.036584418402533937
1.959999999999999964,0.022677272461048139,-0.036397428545193775
1.965000000000000080,0.022660276157570554,-0.036195997052194825
1.969999999999999973,0.022679853453457542,-0.036011523489958251
1.975000000000000089,0.022659477782817773,-0.035814432531550110
1.979999999999999982,0.022679028993151079,-0.035637400261965421
1.985000000000000098,0.022658191026096779,-0.035438847598814605
1.989999999999999991,0.022672992346250458,-0.035274583872450110
1.995000000000000107,0.022659203789675331,-0.035070396489016525
2.000000000000000000,0.022658660433967862,-0.034918726616480947
2.004999999999999893,0.022664307436284118,-0.034714995505664072
2.009999999999999787,0.022639148275678714,-0.034560322775714837
2.015000000000000124,0.022665031420681835,-0.034381149640123822
2.020000000000000018,0.022630996982848185,-0.034197975060105877
2.024999999999999911,0.022640840836320449,-0.034057887210609761
2.029999999999999805,0.022643373534022359,-0.033856892111374666
2.035000000000000142,0.022607506684978584,-0.033708386271211609
2.040000000000000036,0.022635621445053582,-0.033557077980738675
2.044999999999999929,0.022617137859196480,-0.033359159787182242
2.049999999999999822,0.022586776579704468,-0.033227757015426275
2.055000000000000160,0.022619271947172951,-0.033075779934253827
2.060000000000000053,0.022598237051440602,-0.032880636362298890
2.064999999999999947,0.022560283911658718,-0.032752263039483427
2.069999999999999840,0.022588566531238464,-0.032620330100580096
2.075000000000000178,0.022587036706332358,-0.032424740956509386
2.080000000000000071,0.022534854711566136,-0.032275769847708483
2.084999999999999964,0.022533023161880557,-0.032168771530838990
2.089999999999999858,0.022568589999805336,-0.032005531208360014
2.095000000000000195,0.022539722596425584,-0.031816941187497463
2.100000000000000089,0.022489980910956345,-0.031690532123413204
